filename,x1,y1,x2,y2,class,Train/Test,width,height,new_bb,class_idx
db_lisa_tiny/sample_001.png,190,40,211,63,stop,Train,704,480,[ 40 190  63 211],0
db_lisa_tiny/sample_002.png,4,246,43,283,stop,Train,704,480,[246   4 283  43],0
db_lisa_tiny/sample_003.png,389,286,418,314,stop,Train,704,480,[286 389 314 418],0
db_lisa_tiny/sample_006.png,476,137,514,174,stop,Train,704,480,[137 476 174 514],0
db_lisa_tiny/sample_007.png,30,26,54,50,stop,Train,704,480,[26 30 50 54],0
db_lisa_tiny/sample_008.png,388,289,407,309,stop,Train,704,480,[289 388 309 407],0
db_lisa_tiny/sample_009.png,489,17,528,53,stop,Train,704,480,[ 17 489  53 528],0
db_lisa_tiny/sample_011.png,603,229,656,278,stop,Test,704,480,[229 603 278 656],0
db_lisa_tiny/sample_012.png,309,280,342,312,stop,Train,704,480,[280 309 312 342],0
db_lisa_tiny/sample_013.png,488,39,507,57,stop,Train,704,480,[ 39 488  57 507],0
db_lisa_tiny/sample_014.png,407,311,422,326,stop,Train,704,480,[311 407 326 422],0
db_lisa_tiny/sample_015.png,498,192,555,246,stop,Train,704,480,[192 498 246 555],0
db_lisa_tiny/sample_016.png,436,291,455,309,stop,Test,704,480,[291 436 309 455],0
db_lisa_tiny/sample_017.png,474,290,503,317,stop,Train,704,480,[290 474 317 503],0
db_lisa_tiny/sample_019.png,240,31,256,51,stop,Test,704,480,[ 31 240  51 256],0
db_lisa_tiny/sample_020.png,93,33,113,53,stop,Train,704,480,[ 33  93  53 113],0
db_lisa_tiny/sample_021.png,567,244,624,299,stop,Test,704,480,[244 567 299 624],0
db_lisa_tiny/sample_023.png,12,263,43,292,stop,Train,704,480,[263  12 292  43],0
db_lisa_tiny/sample_024.png,526,141,567,179,stop,Train,704,480,[141 526 179 567],0
db_lisa_tiny/sample_025.png,606,173,644,209,stop,Train,704,480,[173 606 209 644],0
db_lisa_tiny/sample_026.png,390,287,411,309,stop,Train,704,480,[287 390 309 411],0
db_lisa_tiny/sample_027.png,400,174,433,205,stop,Train,704,480,[174 400 205 433],0
db_lisa_tiny/sample_028.png,510,293,530,312,stop,Test,704,480,[293 510 312 530],0
db_lisa_tiny/sample_029.png,76,306,96,326,stop,Train,704,480,[306  76 326  96],0
db_lisa_tiny/sample_030.png,660,68,682,89,stop,Train,704,480,[ 68 660  89 682],0
db_lisa_tiny/sample_031.png,133,300,158,325,stop,Train,704,480,[300 133 325 158],0
db_lisa_tiny/sample_032.png,189,295,211,317,stop,Train,704,480,[295 189 317 211],0
db_lisa_tiny/sample_033.png,518,102,572,151,stop,Train,704,480,[102 518 151 572],0
db_lisa_tiny/sample_034.png,493,302,512,321,stop,Test,704,480,[302 493 321 512],0
db_lisa_tiny/sample_035.png,639,286,667,313,stop,Train,704,480,[286 639 313 667],0
db_lisa_tiny/sample_036.png,480,262,527,308,stop,Train,704,480,[262 480 308 527],0
db_lisa_tiny/sample_037.png,599,273,626,300,stop,Train,704,480,[273 599 300 626],0
db_lisa_tiny/sample_038.png,39,212,60,234,stop,Train,704,480,[212  39 234  60],0
db_lisa_tiny/sample_039.png,468,264,515,308,stop,Train,704,480,[264 468 308 515],0
db_lisa_tiny/sample_040.png,354,295,378,317,stop,Test,704,480,[295 354 317 378],0
db_lisa_tiny/sample_043.png,487,161,521,192,stop,Train,704,480,[161 487 192 521],0
db_lisa_tiny/sample_046.png,54,40,94,79,stop,Train,704,480,[40 54 79 94],0
db_lisa_tiny/sample_047.png,561,127,653,211,stop,Train,704,480,[127 561 211 653],0
db_lisa_tiny/sample_048.png,459,30,492,60,stop,Train,704,480,[ 30 459  60 492],0
db_lisa_tiny/sample_049.png,540,43,567,68,stop,Train,704,480,[ 43 540  68 567],0
db_lisa_tiny/sample_051.png,133,296,157,320,stop,Train,704,480,[296 133 320 157],0
db_lisa_tiny/sample_052.png,429,285,450,305,stop,Train,704,480,[285 429 305 450],0
db_lisa_tiny/sample_053.png,496,55,520,78,stop,Train,704,480,[ 55 496  78 520],0
db_lisa_tiny/sample_054.png,519,52,543,75,stop,Train,704,480,[ 52 519  75 543],0
db_lisa_tiny/sample_055.png,173,299,194,319,stop,Train,704,480,[299 173 319 194],0
db_lisa_tiny/sample_056.png,283,288,311,315,stop,Train,704,480,[288 283 315 311],0
db_lisa_tiny/sample_057.png,474,274,499,298,stop,Test,704,480,[274 474 298 499],0
db_lisa_tiny/sample_058.png,634,205,675,244,stop,Train,704,480,[205 634 244 675],0
db_lisa_tiny/sample_059.png,348,296,370,317,stop,Train,704,480,[296 348 317 370],0
db_lisa_tiny/sample_061.png,134,45,158,69,stop,Train,704,480,[ 45 134  69 158],0
db_lisa_tiny/sample_063.png,426,267,469,307,stop,Train,704,480,[267 426 307 469],0
db_lisa_tiny/sample_065.png,528,142,573,184,stop,Train,704,480,[142 528 184 573],0
db_lisa_tiny/sample_066.png,142,45,166,67,stop,Train,704,480,[ 45 142  67 166],0
db_lisa_tiny/sample_067.png,457,280,482,304,stop,Test,704,480,[280 457 304 482],0
db_lisa_tiny/sample_068.png,385,312,398,327,stop,Train,704,480,[312 385 327 398],0
db_lisa_tiny/sample_069.png,178,298,199,318,stop,Train,704,480,[298 178 318 199],0
db_lisa_tiny/sample_070.png,527,29,551,52,stop,Train,704,480,[ 29 527  52 551],0
db_lisa_tiny/sample_072.png,491,261,528,297,stop,Train,704,480,[261 491 297 528],0
db_lisa_tiny/sample_074.png,340,279,375,308,stop,Train,704,480,[279 340 308 375],0
db_lisa_tiny/sample_075.png,41,310,62,329,stop,Test,704,480,[310  41 329  62],0
db_lisa_tiny/sample_077.png,608,166,650,204,stop,Train,704,480,[166 608 204 650],0
db_lisa_tiny/sample_078.png,538,237,576,273,stop,Train,704,480,[237 538 273 576],0
db_lisa_tiny/sample_079.png,591,202,644,250,stop,Test,704,480,[202 591 250 644],0
db_lisa_tiny/sample_083.png,630,136,691,195,stop,Train,704,480,[136 630 195 691],0
db_lisa_tiny/sample_084.png,80,26,118,62,stop,Train,704,480,[ 26  80  62 118],0
db_lisa_tiny/sample_085.png,554,223,589,256,stop,Train,704,480,[223 554 256 589],0
db_lisa_tiny/sample_086.png,80,33,102,53,stop,Train,704,480,[ 33  80  53 102],0
db_lisa_tiny/sample_087.png,632,163,674,203,stop,Test,704,480,[163 632 203 674],0
db_lisa_tiny/sample_088.png,342,234,386,273,stop,Test,704,480,[234 342 273 386],0
db_lisa_tiny/sample_089.png,402,266,428,292,stop,Train,704,480,[266 402 292 428],0
db_lisa_tiny/sample_092.png,10,251,47,285,stop,Train,704,480,[251  10 285  47],0
db_lisa_tiny/sample_093.png,482,244,523,283,stop,Train,704,480,[244 482 283 523],0
db_lisa_tiny/sample_094.png,163,42,186,66,stop,Train,704,480,[ 42 163  66 186],0
db_lisa_tiny/sample_095.png,409,296,426,313,stop,Train,704,480,[296 409 313 426],0
db_lisa_tiny/sample_096.png,527,180,558,211,stop,Train,704,480,[180 527 211 558],0
db_lisa_tiny/sample_097.png,531,256,565,288,stop,Train,704,480,[256 531 288 565],0
db_lisa_tiny/sample_098.png,495,236,540,276,stop,Train,704,480,[236 495 276 540],0
db_lisa_tiny/sample_099.png,426,246,453,274,stop,Train,704,480,[246 426 274 453],0
db_lisa_tiny/sample_100.png,421,253,457,287,stop,Train,704,480,[253 421 287 457],0
db_lisa_tiny/sample_101.png,438,18,459,46,stop,Train,704,480,[ 18 438  46 459],0
db_lisa_tiny/sample_104.png,494,253,534,292,stop,Test,704,480,[253 494 292 534],0
db_lisa_tiny/sample_106.png,33,289,56,312,stop,Test,704,480,[289  33 312  56],0
db_lisa_tiny/sample_107.png,566,218,629,278,stop,Train,704,480,[218 566 278 629],0
db_lisa_tiny/sample_109.png,592,106,646,156,stop,Train,704,480,[106 592 156 646],0
db_lisa_tiny/sample_110.png,384,180,414,209,stop,Train,704,480,[180 384 209 414],0
db_lisa_tiny/sample_111.png,572,6,629,58,stop,Test,704,480,[  6 572  58 629],0
db_lisa_tiny/sample_112.png,266,191,297,220,stop,Train,704,480,[191 266 220 297],0
db_lisa_tiny/sample_113.png,614,49,695,123,stop,Test,704,480,[ 49 614 123 695],0
db_lisa_tiny/sample_114.png,540,133,583,174,stop,Train,704,480,[133 540 174 583],0
db_lisa_tiny/sample_115.png,572,116,622,163,stop,Test,704,480,[116 572 163 622],0
db_lisa_tiny/sample_116.png,422,47,447,70,stop,Test,704,480,[ 47 422  70 447],0
db_lisa_tiny/sample_117.png,514,180,556,220,stop,Train,704,480,[180 514 220 556],0
db_lisa_tiny/sample_118.png,568,280,592,305,stop,Train,704,480,[280 568 305 592],0
db_lisa_tiny/sample_120.png,299,251,337,287,stop,Train,704,480,[251 299 287 337],0
db_lisa_tiny/sample_121.png,522,187,549,215,stop,Train,704,480,[187 522 215 549],0
db_lisa_tiny/sample_122.png,392,219,441,264,stop,Train,704,480,[219 392 264 441],0
db_lisa_tiny/sample_123.png,631,186,689,240,stop,Test,704,480,[186 631 240 689],0
db_lisa_tiny/sample_125.png,374,293,395,313,stop,Test,704,480,[293 374 313 395],0
db_lisa_tiny/sample_128.png,142,288,168,313,stop,Train,704,480,[288 142 313 168],0
db_lisa_tiny/sample_129.png,138,44,162,66,stop,Train,704,480,[ 44 138  66 162],0
db_lisa_tiny/sample_130.png,453,182,476,206,stop,Test,704,480,[182 453 206 476],0
db_lisa_tiny/sample_132.png,45,39,75,67,stop,Train,704,480,[39 45 67 75],0
db_lisa_tiny/sample_133.png,583,153,639,209,stop,Train,704,480,[153 583 209 639],0
db_lisa_tiny/sample_134.png,345,37,364,60,stop,Train,704,480,[ 37 345  60 364],0
db_lisa_tiny/sample_135.png,403,307,418,322,stop,Train,704,480,[307 403 322 418],0
db_lisa_tiny/sample_137.png,549,27,576,52,stop,Test,704,480,[ 27 549  52 576],0
db_lisa_tiny/sample_138.png,623,207,664,246,stop,Train,704,480,[207 623 246 664],0
db_lisa_tiny/sample_140.png,143,56,178,90,stop,Train,704,480,[ 56 143  90 178],0
db_lisa_tiny/sample_142.png,636,218,689,272,stop,Test,704,480,[218 636 272 689],0
db_lisa_tiny/sample_144.png,392,318,403,328,stop,Train,704,480,[318 392 328 403],0
db_lisa_tiny/sample_146.png,603,36,632,63,stop,Train,704,480,[ 36 603  63 632],0
db_lisa_tiny/sample_147.png,582,151,627,196,stop,Train,704,480,[151 582 196 627],0
db_lisa_tiny/sample_148.png,399,266,425,293,stop,Train,704,480,[266 399 293 425],0
db_lisa_tiny/sample_149.png,660,74,680,94,stop,Train,704,480,[ 74 660  94 680],0
db_lisa_tiny/sample_150.png,536,165,570,198,stop,Train,704,480,[165 536 198 570],0
db_lisa_tiny/sample_153.png,166,201,189,225,stop,Train,704,480,[201 166 225 189],0
db_lisa_tiny/sample_154.png,432,279,454,301,stop,Train,704,480,[279 432 301 454],0
db_lisa_tiny/sample_156.png,588,305,610,326,stop,Test,704,480,[305 588 326 610],0
db_lisa_tiny/sample_158.png,551,219,600,264,stop,Train,704,480,[219 551 264 600],0
db_lisa_tiny/sample_159.png,462,281,487,304,stop,Train,704,480,[281 462 304 487],0
db_lisa_tiny/sample_160.png,37,54,58,74,stop,Train,704,480,[54 37 74 58],0
db_lisa_tiny/sample_161.png,490,264,521,293,stop,Train,704,480,[264 490 293 521],0
db_lisa_tiny/sample_163.png,365,170,402,204,stop,Test,704,480,[170 365 204 402],0
db_lisa_tiny/sample_164.png,568,153,612,195,stop,Train,704,480,[153 568 195 612],0
db_lisa_tiny/sample_165.png,516,19,561,59,stop,Train,704,480,[ 19 516  59 561],0
db_lisa_tiny/sample_168.png,467,1,500,32,stop,Train,704,480,[  1 467  32 500],0
db_lisa_tiny/sample_170.png,645,203,686,242,stop,Train,704,480,[203 645 242 686],0
db_lisa_tiny/sample_172.png,625,292,652,318,stop,Test,704,480,[292 625 318 652],0
db_lisa_tiny/sample_174.png,153,307,171,324,stop,Test,704,480,[307 153 324 171],0
db_lisa_tiny/sample_175.png,605,175,669,234,stop,Train,704,480,[175 605 234 669],0
db_lisa_tiny/sample_177.png,584,177,621,212,stop,Train,704,480,[177 584 212 621],0
db_lisa_tiny/sample_178.png,263,41,284,61,stop,Train,704,480,[ 41 263  61 284],0
db_lisa_tiny/sample_179.png,521,196,545,220,stop,Test,704,480,[196 521 220 545],0
db_lisa_tiny/sample_180.png,270,288,304,318,stop,Train,704,480,[288 270 318 304],0
db_lisa_tiny/sample_181.png,223,292,254,320,stop,Test,704,480,[292 223 320 254],0
db_lisa_tiny/sample_183.png,649,5,690,43,stop,Train,704,480,[  5 649  43 690],0
db_lisa_tiny/sample_184.png,485,41,504,59,stop,Train,704,480,[ 41 485  59 504],0
db_lisa_tiny/sample_185.png,586,40,619,70,stop,Train,704,480,[ 40 586  70 619],0
db_lisa_tiny/sample_186.png,189,201,214,225,stop,Test,704,480,[201 189 225 214],0
db_lisa_tiny/sample_187.png,382,287,403,307,stop,Train,704,480,[287 382 307 403],0
db_lisa_tiny/sample_188.png,375,316,384,324,stop,Train,704,480,[316 375 324 384],0
db_lisa_tiny/sample_190.png,485,152,530,192,stop,Train,704,480,[152 485 192 530],0
db_lisa_tiny/sample_191.png,103,208,125,232,stop,Train,704,480,[208 103 232 125],0
db_lisa_tiny/sample_192.png,612,298,638,323,stop,Train,704,480,[298 612 323 638],0
db_lisa_tiny/sample_194.png,502,187,542,224,stop,Train,704,480,[187 502 224 542],0
db_lisa_tiny/sample_197.png,415,29,435,49,stop,Train,704,480,[ 29 415  49 435],0
db_lisa_tiny/sample_198.png,373,185,401,212,stop,Train,704,480,[185 373 212 401],0
db_lisa_tiny/sample_199.png,554,25,582,52,stop,Train,704,480,[ 25 554  52 582],0
db_lisa_tiny/sample_200.png,565,97,670,190,stop,Train,704,480,[ 97 565 190 670],0
db_lisa_tiny/sample_202.png,437,241,478,281,stop,Train,704,480,[241 437 281 478],0
db_lisa_tiny/sample_203.png,483,199,542,254,stop,Train,704,480,[199 483 254 542],0
db_lisa_tiny/sample_204.png,654,71,676,92,stop,Train,704,480,[ 71 654  92 676],0
db_lisa_tiny/sample_205.png,474,297,497,319,stop,Train,704,480,[297 474 319 497],0
db_lisa_tiny/sample_206.png,505,264,537,294,stop,Train,704,480,[264 505 294 537],0
db_lisa_tiny/sample_207.png,181,295,207,321,stop,Train,704,480,[295 181 321 207],0
db_lisa_tiny/sample_208.png,479,164,511,194,stop,Train,704,480,[164 479 194 511],0
db_lisa_tiny/sample_210.png,155,294,174,313,stop,Train,704,480,[294 155 313 174],0
db_lisa_tiny/sample_211.png,81,240,134,284,yield,Train,704,480,[240  81 284 134],1
db_lisa_tiny/sample_212.png,28,233,85,282,yield,Train,704,480,[233  28 282  85],1
db_lisa_tiny/sample_213.png,39,243,91,284,yield,Train,704,480,[243  39 284  91],1
db_lisa_tiny/sample_214.png,423,278,443,296,yield,Train,704,480,[278 423 296 443],1
db_lisa_tiny/sample_215.png,331,271,358,296,yield,Train,704,480,[271 331 296 358],1
db_lisa_tiny/sample_216.png,581,188,617,216,yield,Train,704,480,[188 581 216 617],1
db_lisa_tiny/sample_217.png,261,263,292,289,yield,Train,704,480,[263 261 289 292],1
db_lisa_tiny/sample_218.png,464,267,483,284,yield,Train,704,480,[267 464 284 483],1
db_lisa_tiny/sample_219.png,168,250,215,290,yield,Train,704,480,[250 168 290 215],1
db_lisa_tiny/sample_220.png,205,258,239,289,yield,Train,704,480,[258 205 289 239],1
db_lisa_tiny/sample_221.png,387,271,412,294,yield,Train,704,480,[271 387 294 412],1
db_lisa_tiny/sample_222.png,233,259,267,286,yield,Test,704,480,[259 233 286 267],1
db_lisa_tiny/sample_223.png,407,260,439,289,yield,Test,704,480,[260 407 289 439],1
db_lisa_tiny/sample_224.png,476,271,495,288,yield,Train,704,480,[271 476 288 495],1
db_lisa_tiny/sample_225.png,509,280,527,294,yield,Train,704,480,[280 509 294 527],1
db_lisa_tiny/sample_226.png,129,257,171,291,yield,Train,704,480,[257 129 291 171],1
db_lisa_tiny/sample_227.png,406,276,428,295,yield,Test,704,480,[276 406 295 428],1
db_lisa_tiny/sample_228.png,311,268,339,293,yield,Train,704,480,[268 311 293 339],1
db_lisa_tiny/sample_229.png,184,210,219,234,yield,Train,704,480,[210 184 234 219],1
db_lisa_tiny/sample_230.png,651,38,684,66,yield,Train,704,480,[ 38 651  66 684],1
db_lisa_tiny/sample_231.png,208,250,249,287,yield,Test,704,480,[250 208 287 249],1
db_lisa_tiny/sample_232.png,452,266,472,284,yield,Train,704,480,[266 452 284 472],1
db_lisa_tiny/sample_233.png,85,194,129,225,yield,Train,704,480,[194  85 225 129],1
db_lisa_tiny/sample_234.png,368,272,395,297,yield,Train,704,480,[272 368 297 395],1
db_lisa_tiny/sample_235.png,350,272,377,297,yield,Test,704,480,[272 350 297 377],1
db_lisa_tiny/sample_236.png,562,205,592,229,yield,Test,704,480,[205 562 229 592],1
db_lisa_tiny/sample_237.png,668,36,701,65,yield,Train,704,480,[ 36 668  65 701],1
db_lisa_tiny/sample_238.png,243,249,284,286,yield,Train,704,480,[249 243 286 284],1
db_lisa_tiny/sample_239.png,486,273,504,289,yield,Train,704,480,[273 486 289 504],1
db_lisa_tiny/sample_240.png,14,178,63,216,yield,Train,704,480,[178  14 216  63],1
db_lisa_tiny/sample_241.png,287,267,316,292,yield,Train,704,480,[267 287 292 316],1
db_lisa_tiny/sample_242.png,309,258,345,290,yield,Train,704,480,[258 309 290 345],1
db_lisa_tiny/sample_243.png,438,273,458,291,yield,Train,704,480,[273 438 291 458],1
db_lisa_tiny/sample_244.png,660,42,693,70,yield,Test,704,480,[ 42 660  70 693],1
db_lisa_tiny/sample_245.png,571,198,604,225,yield,Train,704,480,[198 571 225 604],1
db_lisa_tiny/sample_246.png,395,262,427,291,yield,Test,704,480,[262 395 291 427],1
db_lisa_tiny/sample_247.png,598,175,638,205,yield,Train,704,480,[175 598 205 638],1
db_lisa_tiny/sample_248.png,276,253,315,288,yield,Train,704,480,[253 276 288 315],1
db_lisa_tiny/sample_249.png,500,274,518,290,yield,Train,704,480,[274 500 290 518],1
db_lisa_tiny/sample_250.png,86,252,132,288,yield,Test,704,480,[252  86 288 132],1
db_lisa_tiny/sample_251.png,141,202,178,230,yield,Test,704,480,[202 141 230 178],1
db_lisa_tiny/sample_252.png,507,277,525,291,yield,Train,704,480,[277 507 291 525],1
db_lisa_tiny/sample_253.png,622,155,669,194,yield,Test,704,480,[155 622 194 669],1
db_lisa_tiny/sample_254.png,494,275,512,291,yield,Train,704,480,[275 494 291 512],1
db_lisa_tiny/sample_255.png,166,258,206,292,yield,Test,704,480,[258 166 292 206],1
db_lisa_tiny/sample_256.png,593,208,676,287,yieldAhead,Train,704,480,[208 593 287 676],2
db_lisa_tiny/sample_257.png,560,210,636,283,yieldAhead,Train,704,480,[210 560 283 636],2
db_lisa_tiny/sample_258.png,525,258,577,304,yieldAhead,Test,704,480,[258 525 304 577],2
db_lisa_tiny/sample_259.png,515,193,566,239,yieldAhead,Train,704,480,[193 515 239 566],2
db_lisa_tiny/sample_260.png,455,298,490,329,yieldAhead,Test,704,480,[298 455 329 490],2
db_lisa_tiny/sample_261.png,446,297,481,328,yieldAhead,Train,704,480,[297 446 328 481],2
db_lisa_tiny/sample_262.png,487,272,530,311,yieldAhead,Train,704,480,[272 487 311 530],2
db_lisa_tiny/sample_263.png,440,295,472,325,yieldAhead,Train,704,480,[295 440 325 472],2
db_lisa_tiny/sample_264.png,561,230,627,291,yieldAhead,Train,704,480,[230 561 291 627],2
db_lisa_tiny/sample_265.png,607,180,701,266,yieldAhead,Train,704,480,[180 607 266 701],2
db_lisa_tiny/sample_266.png,466,272,503,310,yieldAhead,Train,704,480,[272 466 310 503],2
db_lisa_tiny/sample_267.png,492,261,540,308,yieldAhead,Test,704,480,[261 492 308 540],2
db_lisa_tiny/sample_268.png,499,251,554,303,yieldAhead,Train,704,480,[251 499 303 554],2
db_lisa_tiny/sample_269.png,512,255,562,300,yieldAhead,Train,704,480,[255 512 300 562],2
db_lisa_tiny/sample_270.png,463,280,498,316,yieldAhead,Train,704,480,[280 463 316 498],2
db_lisa_tiny/sample_271.png,581,197,665,277,yieldAhead,Train,704,480,[197 581 277 665],2
db_lisa_tiny/sample_272.png,456,287,490,321,yieldAhead,Train,704,480,[287 456 321 490],2
db_lisa_tiny/sample_273.png,531,261,585,309,yieldAhead,Test,704,480,[261 531 309 585],2
db_lisa_tiny/sample_274.png,477,282,515,316,yieldAhead,Train,704,480,[282 477 316 515],2
db_lisa_tiny/sample_275.png,458,288,494,321,yieldAhead,Train,704,480,[288 458 321 494],2
db_lisa_tiny/sample_276.png,450,288,483,319,yieldAhead,Train,704,480,[288 450 319 483],2
db_lisa_tiny/sample_277.png,554,170,619,231,yieldAhead,Test,704,480,[170 554 231 619],2
db_lisa_tiny/sample_278.png,465,291,501,324,yieldAhead,Train,704,480,[291 465 324 501],2
db_lisa_tiny/sample_279.png,469,261,507,300,yieldAhead,Train,704,480,[261 469 300 507],2
db_lisa_tiny/sample_280.png,440,319,467,345,yieldAhead,Train,704,480,[319 440 345 467],2
db_lisa_tiny/sample_281.png,577,220,651,288,yieldAhead,Train,704,480,[220 577 288 651],2
db_lisa_tiny/sample_282.png,574,158,641,224,yieldAhead,Train,704,480,[158 574 224 641],2
db_lisa_tiny/sample_283.png,440,309,469,337,yieldAhead,Train,704,480,[309 440 337 469],2
db_lisa_tiny/sample_284.png,473,259,513,299,yieldAhead,Train,704,480,[259 473 299 513],2
db_lisa_tiny/sample_285.png,479,269,522,310,yieldAhead,Train,704,480,[269 479 310 522],2
db_lisa_tiny/sample_286.png,537,254,594,305,yieldAhead,Train,704,480,[254 537 305 594],2
db_lisa_tiny/sample_287.png,606,199,694,283,yieldAhead,Train,704,480,[199 606 283 694],2
db_lisa_tiny/sample_288.png,495,254,541,296,yieldAhead,Train,704,480,[254 495 296 541],2
db_lisa_tiny/sample_289.png,584,214,662,287,yieldAhead,Test,704,480,[214 584 287 662],2
db_lisa_tiny/sample_290.png,503,260,551,302,yieldAhead,Train,704,480,[260 503 302 551],2
db_lisa_tiny/sample_291.png,520,263,571,309,yieldAhead,Train,704,480,[263 520 309 571],2
db_lisa_tiny/sample_292.png,571,223,644,290,yieldAhead,Train,704,480,[223 571 290 644],2
db_lisa_tiny/sample_293.png,550,243,612,299,yieldAhead,Train,704,480,[243 550 299 612],2
db_lisa_tiny/sample_294.png,483,277,523,313,yieldAhead,Train,704,480,[277 483 313 523],2
db_lisa_tiny/sample_295.png,463,279,500,317,yieldAhead,Test,704,480,[279 463 317 500],2
db_lisa_tiny/sample_296.png,597,143,679,219,yieldAhead,Train,704,480,[143 597 219 679],2
db_lisa_tiny/sample_297.png,557,237,621,296,yieldAhead,Train,704,480,[237 557 296 621],2
db_lisa_tiny/sample_298.png,538,178,598,232,yieldAhead,Train,704,480,[178 538 232 598],2
db_lisa_tiny/sample_299.png,540,221,609,286,yieldAhead,Train,704,480,[221 540 286 609],2
db_lisa_tiny/sample_300.png,543,251,600,302,yieldAhead,Train,704,480,[251 543 302 600],2
db_lisa_tiny/sample_301.png,471,256,507,298,merge,Train,704,480,[256 471 298 507],3
db_lisa_tiny/sample_302.png,578,258,609,289,merge,Train,704,480,[258 578 289 609],3
db_lisa_tiny/sample_303.png,559,250,593,283,merge,Test,704,480,[250 559 283 593],3
db_lisa_tiny/sample_304.png,544,245,601,299,merge,Train,704,480,[245 544 299 601],3
db_lisa_tiny/sample_305.png,370,298,396,321,merge,Train,704,480,[298 370 321 396],3
db_lisa_tiny/sample_306.png,488,227,557,292,merge,Train,704,480,[227 488 292 557],3
db_lisa_tiny/sample_307.png,622,257,664,299,merge,Train,704,480,[257 622 299 664],3
db_lisa_tiny/sample_308.png,419,248,461,297,merge,Train,704,480,[248 419 297 461],3
db_lisa_tiny/sample_309.png,535,283,566,314,merge,Train,704,480,[283 535 314 566],3
db_lisa_tiny/sample_310.png,233,190,275,238,merge,Train,704,480,[190 233 238 275],3
db_lisa_tiny/sample_311.png,398,280,436,315,merge,Train,704,480,[280 398 315 436],3
db_lisa_tiny/sample_312.png,522,287,551,316,merge,Train,704,480,[287 522 316 551],3
db_lisa_tiny/sample_313.png,594,262,622,288,merge,Test,704,480,[262 594 288 622],3
db_lisa_tiny/sample_314.png,388,288,421,317,merge,Test,704,480,[288 388 317 421],3
db_lisa_tiny/sample_315.png,432,260,483,304,merge,Test,704,480,[260 432 304 483],3
db_lisa_tiny/sample_316.png,382,291,414,319,merge,Train,704,480,[291 382 319 414],3
db_lisa_tiny/sample_317.png,384,242,427,292,merge,Train,704,480,[242 384 292 427],3
db_lisa_tiny/sample_318.png,515,256,567,303,merge,Train,704,480,[256 515 303 567],3
db_lisa_tiny/sample_319.png,413,269,458,312,merge,Train,704,480,[269 413 312 458],3
db_lisa_tiny/sample_320.png,4,164,95,271,merge,Train,704,480,[164   4 271  95],3
db_lisa_tiny/sample_321.png,437,255,492,304,merge,Train,704,480,[255 437 304 492],3
db_lisa_tiny/sample_322.png,570,242,599,275,merge,Train,704,480,[242 570 275 599],3
db_lisa_tiny/sample_323.png,594,261,619,290,merge,Train,704,480,[261 594 290 619],3
db_lisa_tiny/sample_324.png,377,291,406,318,merge,Train,704,480,[291 377 318 406],3
db_lisa_tiny/sample_325.png,513,274,554,312,merge,Train,704,480,[274 513 312 554],3
db_lisa_tiny/sample_326.png,473,234,538,295,merge,Train,704,480,[234 473 295 538],3
db_lisa_tiny/sample_327.png,326,216,355,249,merge,Train,704,480,[216 326 249 355],3
db_lisa_tiny/sample_328.png,395,282,432,316,merge,Train,704,480,[282 395 316 432],3
db_lisa_tiny/sample_329.png,447,249,504,301,merge,Train,704,480,[249 447 301 504],3
db_lisa_tiny/sample_330.png,525,206,607,282,merge,Test,704,480,[206 525 282 607],3
db_lisa_tiny/sample_331.png,433,296,459,321,merge,Test,704,480,[296 433 321 459],3
db_lisa_tiny/sample_332.png,425,263,472,305,merge,Train,704,480,[263 425 305 472],3
db_lisa_tiny/sample_333.png,167,14,231,73,merge,Test,704,480,[ 14 167  73 231],3
db_lisa_tiny/sample_334.png,542,254,575,292,merge,Train,704,480,[254 542 292 575],3
db_lisa_tiny/sample_335.png,338,241,386,302,merge,Test,704,480,[241 338 302 386],3
db_lisa_tiny/sample_336.png,404,276,445,314,merge,Test,704,480,[276 404 314 445],3
db_lisa_tiny/sample_337.png,458,242,519,296,merge,Train,704,480,[242 458 296 519],3
db_lisa_tiny/sample_338.png,440,292,467,319,merge,Train,704,480,[292 440 319 467],3
db_lisa_tiny/sample_339.png,260,200,299,242,merge,Train,704,480,[200 260 242 299],3
db_lisa_tiny/sample_340.png,577,246,606,279,merge,Train,704,480,[246 577 279 606],3
db_lisa_tiny/sample_341.png,457,284,489,315,merge,Train,704,480,[284 457 315 489],3
db_lisa_tiny/sample_342.png,371,295,398,320,merge,Test,704,480,[295 371 320 398],3
db_lisa_tiny/sample_343.png,403,244,445,294,merge,Train,704,480,[244 403 294 445],3
db_lisa_tiny/sample_344.png,307,210,338,245,merge,Test,704,480,[210 307 245 338],3
db_lisa_tiny/sample_345.png,284,206,320,246,merge,Train,704,480,[206 284 246 320],3
db_lisa_tiny/sample_346.png,553,286,596,327,merge,Train,704,480,[286 553 327 596],3
db_lisa_tiny/sample_347.png,394,284,428,316,merge,Test,704,480,[284 394 316 428],3
db_lisa_tiny/sample_348.png,567,255,601,288,merge,Train,704,480,[255 567 288 601],3
db_lisa_tiny/sample_349.png,370,234,419,291,merge,Test,704,480,[234 370 291 419],3
db_lisa_tiny/sample_350.png,548,193,638,276,merge,Train,704,480,[193 548 276 638],3
db_lisa_tiny/sample_351.png,547,253,599,304,merge,Train,704,480,[253 547 304 599],3
db_lisa_tiny/sample_352.png,421,237,467,289,merge,Train,704,480,[237 421 289 467],3
db_lisa_tiny/sample_353.png,375,292,404,318,merge,Test,704,480,[292 375 318 404],3
db_lisa_tiny/sample_354.png,418,267,464,308,merge,Train,704,480,[267 418 308 464],3
db_lisa_tiny/sample_355.png,407,270,451,312,merge,Test,704,480,[270 407 312 451],3
db_lisa_tiny/sample_356.png,513,261,548,297,merge,Train,704,480,[261 513 297 548],3
db_lisa_tiny/sample_357.png,471,291,498,318,merge,Train,704,480,[291 471 318 498],3
db_lisa_tiny/sample_358.png,573,280,618,325,merge,Train,704,480,[280 573 325 618],3
db_lisa_tiny/sample_359.png,313,240,365,303,merge,Train,704,480,[240 313 303 365],3
db_lisa_tiny/sample_360.png,40,175,127,276,merge,Train,704,480,[175  40 276 127],3
db_lisa_tiny/sample_362.png,618,271,672,323,merge,Train,704,480,[271 618 323 672],3
db_lisa_tiny/sample_363.png,362,242,408,297,merge,Train,704,480,[242 362 297 408],3
db_lisa_tiny/sample_364.png,467,279,501,314,merge,Train,704,480,[279 467 314 501],3
db_lisa_tiny/sample_365.png,402,279,441,315,merge,Train,704,480,[279 402 315 441],3
db_lisa_tiny/sample_366.png,512,291,539,318,merge,Train,704,480,[291 512 318 539],3
db_lisa_tiny/sample_367.png,344,220,373,253,merge,Test,704,480,[220 344 253 373],3
db_lisa_tiny/sample_368.png,594,261,619,290,merge,Train,704,480,[261 594 290 619],3
db_lisa_tiny/sample_369.png,391,285,424,316,merge,Train,704,480,[285 391 316 424],3
db_lisa_tiny/sample_370.png,483,254,519,296,merge,Test,704,480,[254 483 296 519],3
db_lisa_tiny/sample_371.png,526,263,560,296,merge,Train,704,480,[263 526 296 560],3
db_lisa_tiny/sample_372.png,56,181,143,277,merge,Train,704,480,[181  56 277 143],3
db_lisa_tiny/sample_373.png,584,251,612,283,merge,Train,704,480,[251 584 283 612],3
db_lisa_tiny/sample_374.png,468,292,493,316,merge,Train,704,480,[292 468 316 493],3
db_lisa_tiny/sample_375.png,593,275,642,324,merge,Test,704,480,[275 593 324 642],3
db_lisa_tiny/sample_376.png,549,279,585,313,merge,Train,704,480,[279 549 313 585],3
db_lisa_tiny/sample_377.png,524,245,560,285,merge,Train,704,480,[245 524 285 560],3
db_lisa_tiny/sample_378.png,565,240,595,273,merge,Train,704,480,[240 565 273 595],3
db_lisa_tiny/sample_379.png,476,288,506,317,merge,Train,704,480,[288 476 317 506],3
db_lisa_tiny/sample_380.png,482,283,514,315,merge,Train,704,480,[283 482 315 514],3
db_lisa_tiny/sample_381.png,533,248,568,288,merge,Test,704,480,[248 533 288 568],3
db_lisa_tiny/sample_383.png,223,224,288,299,merge,Train,704,480,[224 223 299 288],3
db_lisa_tiny/sample_384.png,146,207,222,291,merge,Train,704,480,[207 146 291 222],3
db_lisa_tiny/sample_385.png,505,218,581,288,merge,Train,704,480,[218 505 288 581],3
db_lisa_tiny/sample_386.png,341,235,396,295,merge,Train,704,480,[235 341 295 396],3
db_lisa_tiny/sample_387.png,527,261,574,304,merge,Train,704,480,[261 527 304 574],3
db_lisa_tiny/sample_388.png,380,290,410,317,merge,Train,704,480,[290 380 317 410],3
db_lisa_tiny/sample_389.png,589,260,617,286,merge,Train,704,480,[260 589 286 617],3
db_lisa_tiny/sample_391.png,549,251,583,284,merge,Train,704,480,[251 549 284 583],3
db_lisa_tiny/sample_392.png,297,230,353,294,merge,Train,704,480,[230 297 294 353],3
db_lisa_tiny/sample_393.png,486,281,521,315,merge,Train,704,480,[281 486 315 521],3
db_lisa_tiny/sample_394.png,593,268,632,306,merge,Train,704,480,[268 593 306 632],3
db_lisa_tiny/sample_395.png,439,250,476,296,merge,Train,704,480,[250 439 296 476],3
db_lisa_tiny/sample_396.png,550,252,581,287,merge,Train,704,480,[252 550 287 581],3
db_lisa_tiny/sample_397.png,478,273,518,311,merge,Train,704,480,[273 478 311 518],3
db_lisa_tiny/sample_398.png,199,180,246,233,merge,Test,704,480,[180 199 233 246],3
db_lisa_tiny/sample_399.png,493,266,538,308,merge,Train,704,480,[266 493 308 538],3
db_lisa_tiny/sample_400.png,286,237,341,302,merge,Train,704,480,[237 286 302 341],3
db_lisa_tiny/sample_401.png,332,331,351,348,signalAhead,Train,704,480,[331 332 348 351],4
db_lisa_tiny/sample_402.png,463,292,493,318,signalAhead,Train,704,480,[292 463 318 493],4
db_lisa_tiny/sample_406.png,548,58,589,93,signalAhead,Train,704,480,[ 58 548  93 589],4
db_lisa_tiny/sample_407.png,626,275,672,316,signalAhead,Train,704,480,[275 626 316 672],4
db_lisa_tiny/sample_408.png,145,180,192,225,signalAhead,Train,704,480,[180 145 225 192],4
db_lisa_tiny/sample_409.png,535,264,577,302,signalAhead,Train,704,480,[264 535 302 577],4
db_lisa_tiny/sample_410.png,486,184,560,253,signalAhead,Train,704,480,[184 486 253 560],4
db_lisa_tiny/sample_411.png,444,278,474,304,signalAhead,Train,704,480,[278 444 304 474],4
db_lisa_tiny/sample_412.png,64,305,101,339,signalAhead,Train,704,480,[305  64 339 101],4
db_lisa_tiny/sample_413.png,14,282,54,321,signalAhead,Train,704,480,[282  14 321  54],4
db_lisa_tiny/sample_414.png,450,267,498,310,signalAhead,Test,704,480,[267 450 310 498],4
db_lisa_tiny/sample_416.png,410,291,436,314,signalAhead,Test,704,480,[291 410 314 436],4
db_lisa_tiny/sample_419.png,589,30,627,65,signalAhead,Test,704,480,[ 30 589  65 627],4
db_lisa_tiny/sample_420.png,605,277,646,317,signalAhead,Train,704,480,[277 605 317 646],4
db_lisa_tiny/sample_422.png,387,241,445,296,signalAhead,Train,704,480,[241 387 296 445],4
db_lisa_tiny/sample_424.png,466,202,557,290,signalAhead,Test,704,480,[202 466 290 557],4
db_lisa_tiny/sample_425.png,440,267,484,307,signalAhead,Train,704,480,[267 440 307 484],4
db_lisa_tiny/sample_429.png,321,309,344,330,signalAhead,Test,704,480,[309 321 330 344],4
db_lisa_tiny/sample_430.png,462,305,485,327,signalAhead,Train,704,480,[305 462 327 485],4
db_lisa_tiny/sample_431.png,591,41,623,70,signalAhead,Train,704,480,[ 41 591  70 623],4
db_lisa_tiny/sample_433.png,70,241,126,292,signalAhead,Train,704,480,[241  70 292 126],4
db_lisa_tiny/sample_434.png,549,110,649,207,signalAhead,Train,704,480,[110 549 207 649],4
db_lisa_tiny/sample_436.png,544,219,619,292,signalAhead,Test,704,480,[219 544 292 619],4
db_lisa_tiny/sample_439.png,456,272,490,301,signalAhead,Test,704,480,[272 456 301 490],4
db_lisa_tiny/sample_440.png,453,308,475,329,signalAhead,Train,704,480,[308 453 329 475],4
db_lisa_tiny/sample_442.png,539,45,569,73,signalAhead,Train,704,480,[ 45 539  73 569],4
db_lisa_tiny/sample_443.png,485,222,545,282,signalAhead,Train,704,480,[222 485 282 545],4
db_lisa_tiny/sample_446.png,127,315,157,344,signalAhead,Train,704,480,[315 127 344 157],4
db_lisa_tiny/sample_447.png,521,193,621,290,signalAhead,Train,704,480,[193 521 290 621],4
db_lisa_tiny/sample_448.png,544,245,607,302,signalAhead,Train,704,480,[245 544 302 607],4
db_lisa_tiny/sample_449.png,577,239,626,280,signalAhead,Train,704,480,[239 577 280 626],4
db_lisa_tiny/sample_450.png,619,48,670,96,signalAhead,Train,704,480,[ 48 619  96 670],4
db_lisa_tiny/sample_451.png,342,328,361,345,signalAhead,Test,704,480,[328 342 345 361],4
db_lisa_tiny/sample_452.png,358,259,414,311,signalAhead,Train,704,480,[259 358 311 414],4
db_lisa_tiny/sample_453.png,452,245,498,288,signalAhead,Test,704,480,[245 452 288 498],4
db_lisa_tiny/sample_454.png,551,289,586,321,signalAhead,Train,704,480,[289 551 321 586],4
db_lisa_tiny/sample_457.png,587,158,659,235,signalAhead,Train,704,480,[158 587 235 659],4
db_lisa_tiny/sample_458.png,493,266,532,298,signalAhead,Train,704,480,[266 493 298 532],4
db_lisa_tiny/sample_461.png,227,202,255,229,signalAhead,Train,704,480,[202 227 229 255],4
db_lisa_tiny/sample_464.png,522,293,553,322,signalAhead,Test,704,480,[293 522 322 553],4
db_lisa_tiny/sample_465.png,41,294,80,332,signalAhead,Train,704,480,[294  41 332  80],4
db_lisa_tiny/sample_466.png,232,207,258,231,signalAhead,Train,704,480,[207 232 231 258],4
db_lisa_tiny/sample_467.png,576,202,665,285,signalAhead,Test,704,480,[202 576 285 665],4
db_lisa_tiny/sample_469.png,228,25,270,63,signalAhead,Train,704,480,[ 25 228  63 270],4
db_lisa_tiny/sample_470.png,581,254,632,300,signalAhead,Train,704,480,[254 581 300 632],4
db_lisa_tiny/sample_471.png,435,269,473,305,signalAhead,Train,704,480,[269 435 305 473],4
db_lisa_tiny/sample_473.png,105,165,164,221,signalAhead,Train,704,480,[165 105 221 164],4
db_lisa_tiny/sample_475.png,605,21,646,61,signalAhead,Test,704,480,[ 21 605  61 646],4
db_lisa_tiny/sample_476.png,510,155,595,235,signalAhead,Train,704,480,[155 510 235 595],4
db_lisa_tiny/sample_477.png,365,304,393,331,signalAhead,Train,704,480,[304 365 331 393],4
db_lisa_tiny/sample_478.png,109,265,151,304,signalAhead,Test,704,480,[265 109 304 151],4
db_lisa_tiny/sample_483.png,537,291,569,321,signalAhead,Train,704,480,[291 537 321 569],4
db_lisa_tiny/sample_484.png,474,254,532,308,signalAhead,Test,704,480,[254 474 308 532],4
db_lisa_tiny/sample_485.png,556,47,583,73,signalAhead,Test,704,480,[ 47 556  73 583],4
db_lisa_tiny/sample_486.png,446,249,490,291,signalAhead,Train,704,480,[249 446 291 490],4
db_lisa_tiny/sample_491.png,515,266,556,303,signalAhead,Train,704,480,[266 515 303 556],4
db_lisa_tiny/sample_492.png,314,313,334,332,signalAhead,Train,704,480,[313 314 332 334],4
db_lisa_tiny/sample_493.png,128,172,181,223,signalAhead,Train,704,480,[172 128 223 181],4
db_lisa_tiny/sample_500.png,378,335,395,350,signalAhead,Train,704,480,[335 378 350 395],4
db_lisa_tiny/sample_501.png,516,183,542,213,pedestrianCrossing,Test,704,480,[183 516 213 542],5
db_lisa_tiny/sample_505.png,462,272,492,300,pedestrianCrossing,Train,704,480,[272 462 300 492],5
db_lisa_tiny/sample_507.png,471,265,502,294,pedestrianCrossing,Train,704,480,[265 471 294 502],5
db_lisa_tiny/sample_508.png,434,191,475,231,pedestrianCrossing,Train,704,480,[191 434 231 475],5
db_lisa_tiny/sample_509.png,550,182,644,275,pedestrianCrossing,Test,704,480,[182 550 275 644],5
db_lisa_tiny/sample_510.png,310,217,343,245,pedestrianCrossing,Train,704,480,[217 310 245 343],5
db_lisa_tiny/sample_511.png,323,217,356,246,pedestrianCrossing,Train,704,480,[217 323 246 356],5
db_lisa_tiny/sample_513.png,557,167,586,203,pedestrianCrossing,Test,704,480,[167 557 203 586],5
db_lisa_tiny/sample_516.png,485,198,511,230,pedestrianCrossing,Train,704,480,[198 485 230 511],5
db_lisa_tiny/sample_518.png,466,267,496,296,pedestrianCrossing,Train,704,480,[267 466 296 496],5
db_lisa_tiny/sample_519.png,445,220,499,273,pedestrianCrossing,Test,704,480,[220 445 273 499],5
db_lisa_tiny/sample_522.png,494,196,519,227,pedestrianCrossing,Train,704,480,[196 494 227 519],5
db_lisa_tiny/sample_523.png,477,264,508,293,pedestrianCrossing,Test,704,480,[264 477 293 508],5
db_lisa_tiny/sample_527.png,562,271,612,319,pedestrianCrossing,Train,704,480,[271 562 319 612],5
db_lisa_tiny/sample_528.png,476,302,513,338,pedestrianCrossing,Train,704,480,[302 476 338 513],5
db_lisa_tiny/sample_530.png,459,176,504,219,pedestrianCrossing,Train,704,480,[176 459 219 504],5
db_lisa_tiny/sample_531.png,655,158,690,216,pedestrianCrossing,Train,704,480,[158 655 216 690],5
db_lisa_tiny/sample_532.png,534,7,574,45,pedestrianCrossing,Train,704,480,[  7 534  45 574],5
db_lisa_tiny/sample_533.png,622,31,668,69,pedestrianCrossing,Train,704,480,[ 31 622  69 668],5
db_lisa_tiny/sample_536.png,565,258,591,294,pedestrianCrossing,Train,704,480,[258 565 294 591],5
db_lisa_tiny/sample_537.png,617,255,648,299,pedestrianCrossing,Train,704,480,[255 617 299 648],5
db_lisa_tiny/sample_539.png,499,192,525,223,pedestrianCrossing,Train,704,480,[192 499 223 525],5
db_lisa_tiny/sample_542.png,611,255,650,307,pedestrianCrossing,Train,704,480,[255 611 307 650],5
db_lisa_tiny/sample_543.png,643,256,676,313,pedestrianCrossing,Train,704,480,[256 643 313 676],5
db_lisa_tiny/sample_547.png,633,251,695,308,pedestrianCrossing,Train,704,480,[251 633 308 695],5
db_lisa_tiny/sample_548.png,537,168,566,205,pedestrianCrossing,Train,704,480,[168 537 205 566],5
db_lisa_tiny/sample_549.png,458,214,519,274,pedestrianCrossing,Test,704,480,[214 458 274 519],5
db_lisa_tiny/sample_550.png,588,260,624,310,pedestrianCrossing,Train,704,480,[260 588 310 624],5
db_lisa_tiny/sample_551.png,604,137,671,205,pedestrianCrossing,Train,704,480,[137 604 205 671],5
db_lisa_tiny/sample_553.png,558,133,626,198,pedestrianCrossing,Test,704,480,[133 558 198 626],5
db_lisa_tiny/sample_554.png,480,201,504,232,pedestrianCrossing,Test,704,480,[201 480 232 504],5
db_lisa_tiny/sample_556.png,433,15,475,51,pedestrianCrossing,Train,704,480,[ 15 433  51 475],5
db_lisa_tiny/sample_557.png,508,185,534,215,pedestrianCrossing,Test,704,480,[185 508 215 534],5
db_lisa_tiny/sample_559.png,642,252,681,304,pedestrianCrossing,Train,704,480,[252 642 304 681],5
db_lisa_tiny/sample_560.png,545,236,591,279,pedestrianCrossing,Train,704,480,[236 545 279 591],5
db_lisa_tiny/sample_561.png,355,217,389,248,pedestrianCrossing,Test,704,480,[217 355 248 389],5
db_lisa_tiny/sample_562.png,606,262,637,306,pedestrianCrossing,Train,704,480,[262 606 306 637],5
db_lisa_tiny/sample_563.png,455,0,503,42,pedestrianCrossing,Train,704,480,[  0 455  42 503],5
db_lisa_tiny/sample_567.png,503,158,560,212,pedestrianCrossing,Train,704,480,[158 503 212 560],5
db_lisa_tiny/sample_568.png,528,170,559,211,pedestrianCrossing,Test,704,480,[170 528 211 559],5
db_lisa_tiny/sample_569.png,463,208,484,238,pedestrianCrossing,Train,704,480,[208 463 238 484],5
db_lisa_tiny/sample_570.png,571,262,599,299,pedestrianCrossing,Train,704,480,[262 571 299 599],5
db_lisa_tiny/sample_571.png,439,279,465,303,pedestrianCrossing,Train,704,480,[279 439 303 465],5
db_lisa_tiny/sample_573.png,568,146,633,208,pedestrianCrossing,Train,704,480,[146 568 208 633],5
db_lisa_tiny/sample_575.png,550,273,579,306,pedestrianCrossing,Train,704,480,[273 550 306 579],5
db_lisa_tiny/sample_577.png,434,283,460,306,pedestrianCrossing,Test,704,480,[283 434 306 460],5
db_lisa_tiny/sample_579.png,544,156,602,213,pedestrianCrossing,Train,704,480,[156 544 213 602],5
db_lisa_tiny/sample_581.png,400,217,431,247,pedestrianCrossing,Test,704,480,[217 400 247 431],5
db_lisa_tiny/sample_582.png,567,228,617,275,pedestrianCrossing,Train,704,480,[228 567 275 617],5
db_lisa_tiny/sample_583.png,608,211,665,264,pedestrianCrossing,Train,704,480,[211 608 264 665],5
db_lisa_tiny/sample_585.png,593,218,648,269,pedestrianCrossing,Train,704,480,[218 593 269 648],5
db_lisa_tiny/sample_586.png,557,264,584,299,pedestrianCrossing,Train,704,480,[264 557 299 584],5
db_lisa_tiny/sample_587.png,583,171,616,212,pedestrianCrossing,Test,704,480,[171 583 212 616],5
db_lisa_tiny/sample_590.png,559,261,588,297,pedestrianCrossing,Train,704,480,[261 559 297 588],5
db_lisa_tiny/sample_591.png,599,170,632,211,pedestrianCrossing,Test,704,480,[170 599 211 632],5
db_lisa_tiny/sample_593.png,490,163,543,215,pedestrianCrossing,Train,704,480,[163 490 215 543],5
db_lisa_tiny/sample_595.png,428,31,465,63,pedestrianCrossing,Train,704,480,[ 31 428  63 465],5
db_lisa_tiny/sample_596.png,455,276,482,302,pedestrianCrossing,Train,704,480,[276 455 302 482],5
db_lisa_tiny/sample_597.png,483,262,515,293,pedestrianCrossing,Test,704,480,[262 483 293 515],5
db_lisa_tiny/sample_598.png,449,275,477,301,pedestrianCrossing,Train,704,480,[275 449 301 477],5
db_lisa_tiny/sample_599.png,333,217,367,248,pedestrianCrossing,Train,704,480,[217 333 248 367],5
db_lisa_tiny/sample_601.png,133,235,161,267,keepRight,Train,704,480,[235 133 267 161],6
db_lisa_tiny/sample_604.png,271,331,289,351,keepRight,Train,704,480,[331 271 351 289],6
db_lisa_tiny/sample_605.png,39,263,84,317,keepRight,Test,704,480,[263  39 317  84],6
db_lisa_tiny/sample_606.png,316,238,341,267,keepRight,Train,704,480,[238 316 267 341],6
db_lisa_tiny/sample_607.png,181,321,209,354,keepRight,Test,704,480,[321 181 354 209],6
db_lisa_tiny/sample_608.png,202,45,225,72,keepRight,Train,704,480,[ 45 202  72 225],6
db_lisa_tiny/sample_609.png,229,45,250,68,keepRight,Train,704,480,[ 45 229  68 250],6
db_lisa_tiny/sample_611.png,70,332,90,354,keepRight,Test,704,480,[332  70 354  90],6
db_lisa_tiny/sample_612.png,271,331,289,351,keepRight,Train,704,480,[331 271 351 289],6
db_lisa_tiny/sample_613.png,187,306,213,336,keepRight,Train,704,480,[306 187 336 213],6
db_lisa_tiny/sample_614.png,316,238,341,267,keepRight,Train,704,480,[238 316 267 341],6
db_lisa_tiny/sample_615.png,149,337,179,374,keepRight,Train,704,480,[337 149 374 179],6
db_lisa_tiny/sample_616.png,171,322,199,355,keepRight,Test,704,480,[322 171 355 199],6
db_lisa_tiny/sample_618.png,271,331,289,351,keepRight,Train,704,480,[331 271 351 289],6
db_lisa_tiny/sample_620.png,70,258,111,307,keepRight,Train,704,480,[258  70 307 111],6
db_lisa_tiny/sample_621.png,271,331,289,351,keepRight,Train,704,480,[331 271 351 289],6
db_lisa_tiny/sample_622.png,170,327,198,360,keepRight,Train,704,480,[327 170 360 198],6
db_lisa_tiny/sample_623.png,60,218,102,268,keepRight,Test,704,480,[218  60 268 102],6
db_lisa_tiny/sample_624.png,316,238,341,267,keepRight,Train,704,480,[238 316 267 341],6
db_lisa_tiny/sample_625.png,316,238,341,267,keepRight,Train,704,480,[238 316 267 341],6
db_lisa_tiny/sample_626.png,86,258,121,300,keepRight,Train,704,480,[258  86 300 121],6
db_lisa_tiny/sample_627.png,229,45,250,68,keepRight,Train,704,480,[ 45 229  68 250],6
db_lisa_tiny/sample_628.png,315,246,330,264,keepRight,Test,704,480,[246 315 264 330],6
db_lisa_tiny/sample_629.png,126,20,168,68,keepRight,Test,704,480,[ 20 126  68 168],6
db_lisa_tiny/sample_630.png,181,321,209,354,keepRight,Train,704,480,[321 181 354 209],6
db_lisa_tiny/sample_631.png,271,331,289,351,keepRight,Train,704,480,[331 271 351 289],6
db_lisa_tiny/sample_632.png,229,45,250,68,keepRight,Train,704,480,[ 45 229  68 250],6
db_lisa_tiny/sample_633.png,222,45,244,71,keepRight,Train,704,480,[ 45 222  71 244],6
db_lisa_tiny/sample_634.png,271,331,289,351,keepRight,Train,704,480,[331 271 351 289],6
db_lisa_tiny/sample_635.png,229,45,250,68,keepRight,Train,704,480,[ 45 229  68 250],6
db_lisa_tiny/sample_636.png,181,321,209,354,keepRight,Train,704,480,[321 181 354 209],6
db_lisa_tiny/sample_637.png,181,321,209,354,keepRight,Test,704,480,[321 181 354 209],6
db_lisa_tiny/sample_638.png,24,325,49,355,keepRight,Test,704,480,[325  24 355  49],6
db_lisa_tiny/sample_639.png,229,45,250,68,keepRight,Train,704,480,[ 45 229  68 250],6
db_lisa_tiny/sample_640.png,115,229,147,268,keepRight,Train,704,480,[229 115 268 147],6
db_lisa_tiny/sample_641.png,271,331,289,351,keepRight,Train,704,480,[331 271 351 289],6
db_lisa_tiny/sample_642.png,315,238,340,267,keepRight,Train,704,480,[238 315 267 340],6
db_lisa_tiny/sample_644.png,271,331,289,351,keepRight,Train,704,480,[331 271 351 289],6
db_lisa_tiny/sample_645.png,271,331,289,351,keepRight,Train,704,480,[331 271 351 289],6
db_lisa_tiny/sample_646.png,271,331,289,351,keepRight,Train,704,480,[331 271 351 289],6
db_lisa_tiny/sample_647.png,271,331,289,351,keepRight,Train,704,480,[331 271 351 289],6
db_lisa_tiny/sample_648.png,59,58,95,102,keepRight,Train,704,480,[ 58  59 102  95],6
db_lisa_tiny/sample_649.png,140,256,167,288,keepRight,Train,704,480,[256 140 288 167],6
db_lisa_tiny/sample_650.png,271,331,289,351,keepRight,Train,704,480,[331 271 351 289],6
db_lisa_tiny/sample_651.png,271,331,289,351,keepRight,Train,704,480,[331 271 351 289],6
db_lisa_tiny/sample_654.png,164,232,189,262,keepRight,Train,704,480,[232 164 262 189],6
db_lisa_tiny/sample_655.png,229,45,250,68,keepRight,Train,704,480,[ 45 229  68 250],6
db_lisa_tiny/sample_656.png,316,238,341,267,keepRight,Test,704,480,[238 316 267 341],6
db_lisa_tiny/sample_657.png,109,259,140,297,keepRight,Train,704,480,[259 109 297 140],6
db_lisa_tiny/sample_658.png,271,331,289,351,keepRight,Train,704,480,[331 271 351 289],6
db_lisa_tiny/sample_659.png,271,331,289,351,keepRight,Train,704,480,[331 271 351 289],6
db_lisa_tiny/sample_660.png,94,255,130,297,keepRight,Train,704,480,[255  94 297 130],6
db_lisa_tiny/sample_661.png,61,261,99,308,keepRight,Train,704,480,[261  61 308  99],6
db_lisa_tiny/sample_662.png,316,238,341,267,keepRight,Train,704,480,[238 316 267 341],6
db_lisa_tiny/sample_663.png,229,45,250,68,keepRight,Train,704,480,[ 45 229  68 250],6
db_lisa_tiny/sample_664.png,58,331,80,357,keepRight,Train,704,480,[331  58 357  80],6
db_lisa_tiny/sample_665.png,181,321,209,354,keepRight,Test,704,480,[321 181 354 209],6
db_lisa_tiny/sample_666.png,39,344,63,373,keepRight,Train,704,480,[344  39 373  63],6
db_lisa_tiny/sample_667.png,229,45,250,68,keepRight,Train,704,480,[ 45 229  68 250],6
db_lisa_tiny/sample_669.png,312,229,335,257,keepRight,Train,704,480,[229 312 257 335],6
db_lisa_tiny/sample_670.png,229,45,250,68,keepRight,Train,704,480,[ 45 229  68 250],6
db_lisa_tiny/sample_672.png,320,255,346,285,keepRight,Train,704,480,[255 320 285 346],6
db_lisa_tiny/sample_673.png,229,45,250,68,keepRight,Train,704,480,[ 45 229  68 250],6
db_lisa_tiny/sample_674.png,123,233,152,267,keepRight,Train,704,480,[233 123 267 152],6
db_lisa_tiny/sample_675.png,0,264,51,327,keepRight,Train,704,480,[264   0 327  51],6
db_lisa_tiny/sample_676.png,182,305,208,336,keepRight,Test,704,480,[305 182 336 208],6
db_lisa_tiny/sample_677.png,229,45,250,68,keepRight,Train,704,480,[ 45 229  68 250],6
db_lisa_tiny/sample_678.png,181,317,208,349,keepRight,Train,704,480,[317 181 349 208],6
db_lisa_tiny/sample_679.png,48,169,74,203,keepRight,Train,704,480,[169  48 203  74],6
db_lisa_tiny/sample_680.png,271,331,289,351,keepRight,Train,704,480,[331 271 351 289],6
db_lisa_tiny/sample_681.png,316,238,341,267,keepRight,Train,704,480,[238 316 267 341],6
db_lisa_tiny/sample_682.png,229,46,250,69,keepRight,Test,704,480,[ 46 229  69 250],6
db_lisa_tiny/sample_683.png,81,335,99,356,keepRight,Train,704,480,[335  81 356  99],6
db_lisa_tiny/sample_684.png,103,65,135,101,keepRight,Test,704,480,[ 65 103 101 135],6
db_lisa_tiny/sample_685.png,194,307,220,336,keepRight,Test,704,480,[307 194 336 220],6
db_lisa_tiny/sample_686.png,316,238,341,267,keepRight,Train,704,480,[238 316 267 341],6
db_lisa_tiny/sample_687.png,181,321,209,354,keepRight,Train,704,480,[321 181 354 209],6
db_lisa_tiny/sample_688.png,316,238,341,267,keepRight,Train,704,480,[238 316 267 341],6
db_lisa_tiny/sample_689.png,181,321,209,354,keepRight,Train,704,480,[321 181 354 209],6
db_lisa_tiny/sample_690.png,181,321,209,354,keepRight,Train,704,480,[321 181 354 209],6
db_lisa_tiny/sample_691.png,229,45,250,68,keepRight,Train,704,480,[ 45 229  68 250],6
db_lisa_tiny/sample_692.png,171,320,199,353,keepRight,Test,704,480,[320 171 353 199],6
db_lisa_tiny/sample_693.png,316,238,341,267,keepRight,Train,704,480,[238 316 267 341],6
db_lisa_tiny/sample_694.png,316,238,341,267,keepRight,Train,704,480,[238 316 267 341],6
db_lisa_tiny/sample_695.png,271,331,289,351,keepRight,Train,704,480,[331 271 351 289],6
db_lisa_tiny/sample_696.png,229,45,250,68,keepRight,Train,704,480,[ 45 229  68 250],6
db_lisa_tiny/sample_697.png,69,182,94,211,keepRight,Train,704,480,[182  69 211  94],6
db_lisa_tiny/sample_698.png,271,331,289,351,keepRight,Train,704,480,[331 271 351 289],6
db_lisa_tiny/sample_699.png,181,321,209,354,keepRight,Test,704,480,[321 181 354 209],6
db_lisa_tiny/sample_700.png,229,45,250,68,keepRight,Train,704,480,[ 45 229  68 250],6
db_lisa_tiny/sample_701.png,229,45,250,68,keepRight,Test,704,480,[ 45 229  68 250],6
db_lisa_tiny/sample_702.png,43,331,66,359,keepRight,Test,704,480,[331  43 359  66],6
db_lisa_tiny/sample_703.png,229,45,250,68,keepRight,Test,704,480,[ 45 229  68 250],6
db_lisa_tiny/sample_704.png,229,45,250,68,keepRight,Train,704,480,[ 45 229  68 250],6
db_lisa_tiny/sample_705.png,95,230,127,266,keepRight,Train,704,480,[230  95 266 127],6
db_lisa_tiny/sample_706.png,126,255,155,290,keepRight,Train,704,480,[255 126 290 155],6
db_lisa_tiny/sample_707.png,111,230,141,265,keepRight,Train,704,480,[230 111 265 141],6
db_lisa_tiny/sample_708.png,271,331,289,351,keepRight,Train,704,480,[331 271 351 289],6
db_lisa_tiny/sample_709.png,67,338,88,364,keepRight,Train,704,480,[338  67 364  88],6
db_lisa_tiny/sample_710.png,271,331,289,351,keepRight,Train,704,480,[331 271 351 289],6
db_lisa_tiny/sample_714.png,633,85,693,148,speedLimit35,Test,704,480,[ 85 633 148 693],7
db_lisa_tiny/sample_717.png,496,191,522,220,speedLimit35,Train,704,480,[191 496 220 522],7
db_lisa_tiny/sample_718.png,649,212,695,266,speedLimit35,Train,704,480,[212 649 266 695],7
db_lisa_tiny/sample_723.png,480,199,504,227,speedLimit35,Train,704,480,[199 480 227 504],7
db_lisa_tiny/sample_726.png,320,265,351,300,speedLimit35,Train,704,480,[265 320 300 351],7
db_lisa_tiny/sample_729.png,319,264,349,300,speedLimit35,Train,704,480,[264 319 300 349],7
db_lisa_tiny/sample_731.png,481,182,507,213,speedLimit35,Train,704,480,[182 481 213 507],7
db_lisa_tiny/sample_732.png,539,124,581,170,speedLimit35,Train,704,480,[124 539 170 581],7
db_lisa_tiny/sample_736.png,549,176,581,214,speedLimit35,Train,704,480,[176 549 214 581],7
db_lisa_tiny/sample_737.png,477,203,500,229,speedLimit35,Train,704,480,[203 477 229 500],7
db_lisa_tiny/sample_739.png,420,184,442,209,speedLimit35,Train,704,480,[184 420 209 442],7
db_lisa_tiny/sample_740.png,572,257,606,297,speedLimit35,Train,704,480,[257 572 297 606],7
db_lisa_tiny/sample_744.png,417,275,439,299,speedLimit35,Train,704,480,[275 417 299 439],7
db_lisa_tiny/sample_746.png,415,257,442,288,speedLimit35,Train,704,480,[257 415 288 442],7
db_lisa_tiny/sample_747.png,502,179,529,211,speedLimit35,Train,704,480,[179 502 211 529],7
db_lisa_tiny/sample_750.png,525,20,550,48,speedLimit35,Train,704,480,[ 20 525  48 550],7
db_lisa_tiny/sample_751.png,375,264,405,298,speedLimit35,Train,704,480,[264 375 298 405],7
db_lisa_tiny/sample_752.png,520,64,566,120,speedLimit35,Train,704,480,[ 64 520 120 566],7
db_lisa_tiny/sample_755.png,541,270,571,306,speedLimit35,Train,704,480,[270 541 306 571],7
db_lisa_tiny/sample_758.png,342,268,372,304,speedLimit35,Train,704,480,[268 342 304 372],7
db_lisa_tiny/sample_763.png,602,277,627,307,speedLimit35,Test,704,480,[277 602 307 627],7
db_lisa_tiny/sample_764.png,518,299,538,322,speedLimit35,Test,704,480,[299 518 322 538],7
db_lisa_tiny/sample_767.png,628,224,671,275,speedLimit35,Train,704,480,[224 628 275 671],7
db_lisa_tiny/sample_768.png,509,138,545,178,speedLimit35,Train,704,480,[138 509 178 545],7
db_lisa_tiny/sample_770.png,387,259,417,292,speedLimit35,Train,704,480,[259 387 292 417],7
db_lisa_tiny/sample_776.png,579,108,628,162,speedLimit35,Train,704,480,[108 579 162 628],7
db_lisa_tiny/sample_781.png,649,148,692,197,speedLimit35,Train,704,480,[148 649 197 692],7
db_lisa_tiny/sample_784.png,533,17,559,47,speedLimit35,Test,704,480,[ 17 533  47 559],7
db_lisa_tiny/sample_786.png,543,19,570,51,speedLimit35,Train,704,480,[ 19 543  51 570],7
db_lisa_tiny/sample_791.png,461,178,485,206,speedLimit35,Train,704,480,[178 461 206 485],7
db_lisa_tiny/sample_793.png,556,265,588,302,speedLimit35,Train,704,480,[265 556 302 588],7
db_lisa_tiny/sample_794.png,424,182,446,209,speedLimit35,Train,704,480,[182 424 209 446],7
db_lisa_tiny/sample_795.png,486,216,505,237,speedLimit35,Train,704,480,[216 486 237 505],7
db_lisa_tiny/sample_797.png,483,152,516,190,speedLimit35,Train,704,480,[152 483 190 516],7
db_lisa_tiny/sample_798.png,553,180,585,215,speedLimit35,Train,704,480,[180 553 215 585],7
db_lisa_tiny/sample_799.png,418,258,443,286,speedLimit35,Train,704,480,[258 418 286 443],7
db_lisa_tiny/sample_803.png,527,271,555,306,speedLimit35,Train,704,480,[271 527 306 555],7
db_lisa_tiny/sample_804.png,494,279,520,311,speedLimit35,Test,704,480,[279 494 311 520],7
db_lisa_tiny/sample_805.png,361,269,391,305,speedLimit35,Train,704,480,[269 361 305 391],7
db_lisa_tiny/sample_806.png,431,178,455,205,speedLimit35,Train,704,480,[178 431 205 455],7
db_lisa_tiny/sample_807.png,566,287,588,314,speedLimit35,Train,704,480,[287 566 314 588],7
db_lisa_tiny/sample_811.png,548,294,569,319,speedLimit35,Test,704,480,[294 548 319 569],7
db_lisa_tiny/sample_812.png,416,259,441,290,speedLimit35,Test,704,480,[259 416 290 441],7
db_lisa_tiny/sample_815.png,536,183,567,217,speedLimit35,Train,704,480,[183 536 217 567],7
db_lisa_tiny/sample_817.png,485,196,510,224,speedLimit35,Train,704,480,[196 485 224 510],7
db_lisa_tiny/sample_818.png,625,266,651,297,speedLimit35,Test,704,480,[266 625 297 651],7
db_lisa_tiny/sample_820.png,421,259,446,287,speedLimit35,Train,704,480,[259 421 287 446],7
db_lisa_tiny/sample_823.png,562,222,588,253,speedLimit25,Train,704,480,[222 562 253 588],8
db_lisa_tiny/sample_824.png,607,20,635,53,speedLimit25,Train,704,480,[ 20 607  53 635],8
db_lisa_tiny/sample_825.png,442,297,463,320,speedLimit25,Train,704,480,[297 442 320 463],8
db_lisa_tiny/sample_826.png,432,187,453,212,speedLimit25,Train,704,480,[187 432 212 453],8
db_lisa_tiny/sample_828.png,395,278,418,302,speedLimit25,Train,704,480,[278 395 302 418],8
db_lisa_tiny/sample_830.png,536,246,566,279,speedLimit25,Train,704,480,[246 536 279 566],8
db_lisa_tiny/sample_832.png,578,113,595,134,speedLimit25,Train,704,480,[113 578 134 595],8
db_lisa_tiny/sample_834.png,633,245,662,276,speedLimit25,Train,704,480,[245 633 276 662],8
db_lisa_tiny/sample_835.png,594,109,611,130,speedLimit25,Train,704,480,[109 594 130 611],8
db_lisa_tiny/sample_836.png,435,265,461,293,speedLimit25,Train,704,480,[265 435 293 461],8
db_lisa_tiny/sample_837.png,676,92,698,117,speedLimit25,Train,704,480,[ 92 676 117 698],8
db_lisa_tiny/sample_838.png,583,219,612,252,speedLimit25,Train,704,480,[219 583 252 612],8
db_lisa_tiny/sample_839.png,437,204,456,227,speedLimit25,Train,704,480,[204 437 227 456],8
db_lisa_tiny/sample_840.png,449,279,472,304,speedLimit25,Test,704,480,[279 449 304 472],8
db_lisa_tiny/sample_841.png,459,275,483,301,speedLimit25,Train,704,480,[275 459 301 483],8
db_lisa_tiny/sample_842.png,395,282,417,306,speedLimit25,Train,704,480,[282 395 306 417],8
db_lisa_tiny/sample_843.png,623,99,644,123,speedLimit25,Test,704,480,[ 99 623 123 644],8
db_lisa_tiny/sample_846.png,655,93,676,117,speedLimit25,Train,704,480,[ 93 655 117 676],8
db_lisa_tiny/sample_847.png,578,257,606,288,speedLimit25,Train,704,480,[257 578 288 606],8
db_lisa_tiny/sample_848.png,612,213,644,251,speedLimit25,Train,704,480,[213 612 251 644],8
db_lisa_tiny/sample_849.png,474,258,502,289,speedLimit25,Train,704,480,[258 474 289 502],8
db_lisa_tiny/sample_850.png,586,26,613,57,speedLimit25,Test,704,480,[ 26 586  57 613],8
db_lisa_tiny/sample_852.png,534,265,560,295,speedLimit25,Train,704,480,[265 534 295 560],8
db_lisa_tiny/sample_853.png,630,142,664,177,speedLimit25,Train,704,480,[142 630 177 664],8
db_lisa_tiny/sample_854.png,435,180,459,208,speedLimit25,Train,704,480,[180 435 208 459],8
db_lisa_tiny/sample_855.png,431,183,453,209,speedLimit25,Train,704,480,[183 431 209 453],8
db_lisa_tiny/sample_856.png,452,261,480,292,speedLimit25,Train,704,480,[261 452 292 480],8
db_lisa_tiny/sample_858.png,501,253,531,286,speedLimit25,Train,704,480,[253 501 286 531],8
db_lisa_tiny/sample_860.png,552,31,575,61,speedLimit25,Train,704,480,[ 31 552  61 575],8
db_lisa_tiny/sample_861.png,633,16,663,52,speedLimit25,Train,704,480,[ 16 633  52 663],8
db_lisa_tiny/sample_862.png,668,9,699,48,speedLimit25,Test,704,480,[  9 668  48 699],8
db_lisa_tiny/sample_863.png,420,269,444,297,speedLimit25,Train,704,480,[269 420 297 444],8
db_lisa_tiny/sample_865.png,514,50,536,78,speedLimit25,Train,704,480,[ 50 514  78 536],8
db_lisa_tiny/sample_867.png,440,293,461,317,speedLimit25,Train,704,480,[293 440 317 461],8
db_lisa_tiny/sample_868.png,465,169,492,198,speedLimit25,Test,704,480,[169 465 198 492],8
db_lisa_tiny/sample_869.png,446,176,470,204,speedLimit25,Train,704,480,[176 446 204 470],8
db_lisa_tiny/sample_871.png,651,207,687,246,speedLimit25,Train,704,480,[207 651 246 687],8
db_lisa_tiny/sample_872.png,504,45,525,72,speedLimit25,Train,704,480,[ 45 504  72 525],8
db_lisa_tiny/sample_873.png,637,96,658,120,speedLimit25,Train,704,480,[ 96 637 120 658],8
db_lisa_tiny/sample_874.png,527,46,549,74,speedLimit25,Test,704,480,[ 46 527  74 549],8
db_lisa_tiny/sample_875.png,587,112,604,133,speedLimit25,Test,704,480,[112 587 133 604],8
db_lisa_tiny/sample_876.png,580,242,610,275,speedLimit25,Train,704,480,[242 580 275 610],8
db_lisa_tiny/sample_877.png,539,36,561,64,speedLimit25,Train,704,480,[ 36 539  64 561],8
db_lisa_tiny/sample_878.png,446,210,464,232,speedLimit25,Test,704,480,[210 446 232 464],8
db_lisa_tiny/sample_879.png,469,214,486,235,speedLimit25,Train,704,480,[214 469 235 486],8
db_lisa_tiny/sample_881.png,399,275,423,301,speedLimit25,Train,704,480,[275 399 301 423],8
db_lisa_tiny/sample_882.png,434,197,455,221,speedLimit25,Train,704,480,[197 434 221 455],8
db_lisa_tiny/sample_883.png,443,285,464,309,speedLimit25,Test,704,480,[285 443 309 464],8
db_lisa_tiny/sample_884.png,495,163,523,194,speedLimit25,Train,704,480,[163 495 194 523],8
db_lisa_tiny/sample_885.png,432,182,455,209,speedLimit25,Test,704,480,[182 432 209 455],8
db_lisa_tiny/sample_887.png,613,103,632,125,speedLimit25,Train,704,480,[103 613 125 632],8
db_lisa_tiny/sample_888.png,481,217,498,237,speedLimit25,Test,704,480,[217 481 237 498],8
db_lisa_tiny/sample_889.png,578,147,609,181,speedLimit25,Test,704,480,[147 578 181 609],8
db_lisa_tiny/sample_890.png,477,274,501,301,speedLimit25,Train,704,480,[274 477 301 501],8
db_lisa_tiny/sample_891.png,495,48,515,74,speedLimit25,Train,704,480,[ 48 495  74 515],8
db_lisa_tiny/sample_893.png,604,105,622,127,speedLimit25,Train,704,480,[105 604 127 622],8
db_lisa_tiny/sample_894.png,441,205,460,228,speedLimit25,Test,704,480,[205 441 228 460],8
db_lisa_tiny/sample_895.png,567,29,593,60,speedLimit25,Train,704,480,[ 29 567  60 593],8
db_lisa_tiny/sample_896.png,534,155,563,187,speedLimit25,Train,704,480,[155 534 187 563],8
db_lisa_tiny/sample_898.png,633,236,663,269,speedLimit25,Train,704,480,[236 633 269 663],8
db_lisa_tiny/sample_899.png,407,273,431,300,speedLimit25,Train,704,480,[273 407 300 431],8
db_lisa_tiny/sample_900.png,500,270,525,299,speedLimit25,Train,704,480,[270 500 299 525],8
